Sentence,Sentiment,Tweet Date,English Translation,Favorite Count,Retweet Count,Reply Count,Quote Count
"Ada apa dengan saham $BBRI?

Tumben -3%

Ada benteng Takeshi di level 3190-3200. Rada serem kalau ambrol",,Tue Sep 22 03:51:20 +0000 2026,,81,10,12,0
"kemarin kalo $BYAN  tidak di lepas, maka ijin RKAB tidak di terbitkan, 

nah kalo $BBCA tidak mau di lepas, mereka ancam nya pakai ijin apa ya?",,Fri Sep 25 07:01:52 +0000 2026,,1331,213,88,0
"Narasi Kripto Mendatang

Saham Berpasangan Kripto 
NFT Berpasangan Kripto 
Merek Mewah Berpasangan Kripto",,Tue Sep 22 13:56:43 +0000 2026,,175,16,15,0
Ketika dipasangkan $BBCA atau $BBNI ser?,,Tue Sep 22 13:57:39 +0000 2026,,2,0,1,0
"Banyak yang mikir Low dipaksa jual $BYAN ke Haji Isam dengan sandra RKAB. Tapi, bagaimana jika sebaliknya, Low justru butuh bekingan untuk dapat persetujuan itu?",,Mon Sep 21 04:49:17 +0000 2026,,0,0,1,0
"$BBRI ada potensi membentuk hidden bullish divergence, tinggal tunggu konfirmasi candle selanjutnya. Selama $BBRI ga turun dibawah 3200 menurut saya sangat mungkin untuk harga naik ke 3600 di tahun ini.",,Mon Sep 14 14:35:18 +0000 2026,,64,4,1,0
"Beberapa emiten terjadi pembelian kuat oleh orang kuat

$bris
$hmsp

Dll",,Mon Sep 28 04:10:26 +0000 2026,,14,1,1,0
Jadi inget $BBCA mau di backdoor Blackrock,,Fri Sep 25 10:54:39 +0000 2026,,26,1,2,0
tunggu $BBCA 5800-an aja kali ya..,,Tue Sep 22 07:34:47 +0000 2026,,3,0,2,0
"buy the dip! serok $bbri di rp3.180 pas harganya lagi down. chartnya emang lagi nyungsep, tapi berani cicil beli buat jangka panjang.  #aplikasiajaib #bbri #investasi",,Thu Sep 24 15:00:52 +0000 2026,,0,0,0,0
"Saham-saham terkait Haji Isam

$BYAN ARA

IHSG open +50 poin",,Fri Sep 18 01:59:52 +0000 2026,,39,9,1,0
"Asyuu rusak
Ulah siapa nih?

$BBRI",,Fri Sep 25 11:41:40 +0000 2026,,1,0,1,0
"kalau emang nantinya $BBCA bisa diakuisisi dengan kecurangan, artinya gak ada yg bisa menjamin investasi di indonesia bakal aman, siapapun itu. Perusahaan sebesar itu aja bisa ditukar guling, apalagi perusahaan yg lebuh kecil. Kabur aja dah investor",,Fri Sep 25 13:05:17 +0000 2026,,13,3,1,0
"$BYAN  pagi ini 

wkwkkw NGERIIII banget yang Rakus  mau punya BYAN",,Fri Sep 18 01:59:29 +0000 2026,,15,0,1,0
"ritel unyu nih bandel2 banget ya, 

masih ada loh yang beli $GOTO di harga 43,

plis  cek  dulu orderbook nya, 
antrian ARB nya 1 Milyar lot itu.",,Mon Sep 28 02:59:01 +0000 2026,,102,3,19,0
"kenapa $GOTO ?

teman nya jawab, 
kan itu produk yang pakai sehari2, 
itu yang kamu pakai gejok , tokped, gopay later itu kan produk nya $GOTO, ,hahaha",,Mon Sep 28 07:49:46 +0000 2026,,4,0,2,0
$UNVR moment,,Mon Sep 28 13:36:56 +0000 2026,,0,0,0,0
"Kronologi akuisisi Haji Isam di $BYAN

- 9 Sept 2026 : Haji Isam tawar $BYAN diharga murah (-80% harga market).
- 15 Sept 2026 : RKAB Bayan belum disetujui oleh pemerintah dan Bayan menetapkan Kondisi Kahar/Force Majeur.
- 17 Sept 2026 : Haji Isam resmi mengakuisisi 30%",,Fri Sep 18 06:59:50 +0000 2026,,962,322,27,0
"Setelah menyelesaikan 5 swing naik wave a merah di 3440, posisi harga saham #BBRI saat ini sedang menyelesaikan wave b merah sampai ke area 2990 - 2883

Jadi masih ada peluang harga sahamnya bisa kembali naik untuk menyelesaikan wave c merah dari wave ....",,Wed Sep 23 10:07:32 +0000 2026,,11,2,2,0
"Tapi bagaimana jika harga saham $BBRI masih lanjut tertekan turun sampai ke bawah area 2990 - 2883?

Pembahasan selengkapnya di sini",,Wed Sep 23 10:07:32 +0000 2026,,0,0,0,0
"Pasar saham rebound sekitar +30an poin

Ditarik pakai $BYAN yang naik +15%

Isu RKAB sudah bereskah? Kayanya belum ya",,Wed Sep 16 02:18:26 +0000 2026,,12,4,0,0
"Setelah menyelesaikan wave I merah di 4000, posisi harga saham #BBNI saat ini sedang menyelesaikan wave II merah di area 3545 - 3437 yang sudah tercapai dari minggu lalu",,Mon Sep 28 10:12:23 +0000 2026,,6,0,1,0
"Jadi masih ada peluang harga sahamnya bisa kembali naik untuk menyelesaikan wave III merah dari wave (c) biru dari wave ..

Tapi bagaimana jika harga saham $BBNI masih lanjut tertekan turun sampai ke bawah area 3545 - 3437?

Pembahasan selengkapnya di sini",,Mon Sep 28 10:12:24 +0000 2026,,0,0,0,0
"harga $BBCA tetap gak gerak walopun ada rumor mau di akuisisi haji Isam, 
 
rumor apa dong yang bisa bikin $BBCA langsung ARA ?",,Fri Sep 25 08:07:00 +0000 2026,,106,6,20,0
"Pasang antrean beli $BBRI di harga Rp3.100. Buat investasi jangka panjang, manfaatin penyesuaian harga di saham blue chip begini emang strategi yang cukup rasional, asal tetep masuk secara bertahap  #AplikasiAjaib #porto",,Sun Sep 27 14:39:42 +0000 2026,,0,0,0,0
"Pengambilalihan bermusuhan terjadi ketika sebuah entitas mengambil alih kendali atas sebuah perusahaan melawan keinginan manajemen perusahaan .....

kelakuan Jhonlin belanja saham $BYAN gini tergolong ""hostile takeover"" gak sih ?",,Thu Sep 17 16:26:24 +0000 2026,,41,5,2,0
"IHSG REBOUND 1,56% KE 6.374,91 — INI PENYEBABNYA
Kemarin ambruk 1,69%, hari ini balas dendam. Tapi jangan buru-buru euforia — ada yang solid, ada yang cuma gorengan bandar. Breakdown lengkap di bawah",,Wed Sep 23 12:43:01 +0000 2026,,0,0,11,0
"KABAR POSITIFNYA 

1. BI TAHAN SUKU BUNGA 5,75% (3X BERUNTUN)
RDG BI hari ini pertahankan BI-Rate, hold ketiga beruntun. Ini yang hapus ketidakpastian & jadi trigger utama IHSG lompat begitu diumumkan siang tadi.
$BBRI $BMRI $BBNI",,Wed Sep 23 12:44:24 +0000 2026,,0,0,0,0
"Perhtian para pelaku pasar hari ini tertju pd Gedung Bank Indonesia.
​Gelrn Rapat Dewan Gubernur (RDG) BI resmi dimlai utk mentukn arh BI-Rate. Konsensus pasar memprkrkn BI msh akn mnhan suku bunga di level 5,75%.
​Mgp keptusn kali ini sngt krusial bgi IHSG & sektor perbankn?",,Tue Sep 22 01:12:04 +0000 2026,,0,0,1,0
"Di satu sisi, langkah The Fed kian agresif memicu penguatan Dolar AS yang menekan pergerakan nilai tukar Rupiah.
​Di sisi lain, menaikkan BI-Rate terlalu cpt bisa menahan laju pertumbuhan kredit domestik.",,Tue Sep 22 01:12:05 +0000 2026,,0,0,1,0
"Apa artinya bgi sham Watchlist kita?
• Perbankn (Big Caps): Suku bunga yg dithan di 5,75% menjg Cost of Funds (CoF) tdk membgkk, shgga marjin bunga bersih (NIM) emiten sprt $BBCA & $BBRI tetap trjg tebal.
• Sektor Riil & Consumer: Mnghdri bban bunga yg mkn tinggi bgi konsmen",,Tue Sep 22 01:12:06 +0000 2026,,0,0,1,0
"Kemarin $BAYAN sekayang $BBCA, Walaupun masih wacana sih ada gila-gilanya wkwkw",,Fri Sep 25 08:34:21 +0000 2026,,0,0,0,0
Menarik nih $BBCA,,Fri Sep 25 15:51:30 +0000 2026,,0,0,0,0
"$BBCA diambil isam, gue pindah ke $BDMR. Fix no debat.",,Fri Sep 25 09:09:49 +0000 2026,,2,0,0,0
Lebih dari 2.300 investor udah masuk ke $BBRI di harga 3.180. Bukti kalau emiten dengan fundamental kuat bakal selalu jadi pilihan utama buat jangka panjang #AplikasiAjaib #saham,,Sun Sep 27 13:57:32 +0000 2026,,0,0,0,0
"$IHSG kedepannya yang lebih menarik saham < Rp. 50 daripada > Rp. 50, apalagi yang big cap seperti $BBCA dll, buang"" jauh deh itu saham, kecuali yang liquiditasnya tipis, baru deh gpp

*terlepas dari fundamental atau engga",,Thu Sep 24 06:38:28 +0000 2026,,2,0,0,0
"Data aktivitas asing tengah hari 17 September:

Net beli asing Rp77,54 M

$BMRI, $CUAN, $BBRI jadi top net beli asing",,Thu Sep 17 05:23:10 +0000 2026,,13,0,0,0
"Ini adadata penelusuran dari pakar saham $ihsg

Coba lo telaah dengan kepala dingin
$tpia
$goto
$bumi
$dssa",,Wed Sep 23 04:49:56 +0000 2026,,14,2,2,0
kira2 Haji isam nawar $BBCA di harga berapa ya?,,Fri Sep 25 07:41:49 +0000 2026,,141,17,32,0
"Oooooohhhhh...... Jd yg nyuruh Cak Imin, trs lwt Wowo bakal nyuruh Pak Haji. Kalo gak mau, nanti kasusnya sm spt saham $BYAN , NGERIK BANGET MAINNYA BTW Cak Imin ada kepentingan apa ya nyuruh WOWO ambil $BBCA ?",,Fri Sep 25 07:46:47 +0000 2026,,0,1,1,0
berani nangkep pisau jatuh? serok $bmri di rp4.190. chartnya lagi downtrend parah dari puncaknya. semoga mantul di area support sini ya!  #aplikasiajaib #bmri #ihsg,,Thu Sep 24 14:53:28 +0000 2026,,0,0,0,0
penggerak ihsg pagi ini oleh saham $BYAN,,Wed Sep 16 02:15:44 +0000 2026,,2,1,0,0
"Emiten kebanggaan anak 1qos

$hmsp siapa yg jorokin gengs",,Tue Sep 15 07:47:56 +0000 2026,,6,0,0,0
"wah, ada yang haka $bmri di rp4.160 nih. nyoba nangkap rebound ya? chartnya masih bearish kuat. jaga money management!  #aplikasiajaib #bmri #ihsg",,Thu Sep 24 14:54:14 +0000 2026,,0,0,0,0
"RKAB tidak di setujui maka  gak bisa nambang, gak ada produksi,  gak ada jualan, gak ada laba,

Jadi Ada peluang $BYAN terus melemah,

Mimpi basah retail kalo $BYAN bisa ke 2.700

Jadi harga nya = tawaran haji isam",,Tue Sep 15 13:24:16 +0000 2026,,235,27,24,0
"Salah satu saham yang menjadi pemberat sampai IHSG ambrol -111 poin hari ini

$BYAN juga -11%

Banyak angka 1 

Walaupun sudah turun banyak, tapi masih jauh dari tawaran Haji Isam di kisaran Rp 2500-an",,Mon Sep 14 05:29:23 +0000 2026,,22,2,0,0
"SENTIMEN IHSG HARI INI (23/9/2026)
IHSG kemarin ambruk 1,69% ke 6.277, dengan 556 saham melemah dari 823 konstituen. Hari ini level psikologis 6.200 sedang diuji.
Ini 5 sentimen POSITIF & 5 NEGATIF yang wajib kamu tau 
#IHSG #SahamHariIni #InvestasiSaham",,Wed Sep 23 00:24:33 +0000 2026,,0,0,11,0
"4. Rekomendasi MNC Sekuritas hari ini:
Buy on weakness: $BBRI $TPIA
Trading buy: $AMRT $PGAS",,Wed Sep 23 00:26:53 +0000 2026,,0,0,0,0
"Warga +62, merapat! 

Built for Southeast Asia, we’re bringing some of Indonesia’s biggest upcoming moments to Fuyo:

 FIFA ASEAN Cup
 The Weeknd Jakarta
 Indonesian Grand Prix

 GIVEAWAY: Repost this tweet. In the comments, tag 3 friends + drop your Fuyo MPC wallet!",,Mon Sep 14 09:59:56 +0000 2026,,21,11,9,0
@Fuyomarkets can you make prediction market for big bank like $BBCA indonesia price end 2026 ?? Pls add other stock don't just index,,Mon Sep 14 11:21:31 +0000 2026,,2,0,2,0
saham $BYAN langsung ara njirrr,,Fri Sep 18 02:00:40 +0000 2026,,70,3,4,0
"RKAB $BYAN tidak di setujui, 
 
RKAB persetujuan nya di keluarkan oleh kementerian Mas Bahlil Ganteng kan?

ngeri kali cara main mereka",,Tue Sep 15 01:01:24 +0000 2026,,634,147,95,0
"Data aktivitas asing tengah hari 28 September 2026:   

- Net jual asing -Rp129,63 Miliar  
- $PTBA, $PEGE, $BBRI jadi top net beli asing",,Mon Sep 28 05:52:07 +0000 2026,,22,0,3,0
"Untuk Kalian para milenial dan genZ,

Mending beli rumah ?
Atau
Mending sewa aja ?",,Sun Sep 27 01:05:00 +0000 2026,,134,29,170,0
"Kalo blm py rmh & blm berkeluarga sewa Apartemen/kost. Kalo berkeluarga kontrak dulu. Usahakan IN THIS EKONOMI JGN KPR, krn ada kemungkinan bunga naik trs. Atau cari rmh second/bekas atau cari rmh LELANG (hrs py kenalan ordal di $BBRI krn paling byk tuh Bank rmh sitaan)",,Sun Sep 27 01:46:19 +0000 2026,,0,0,0,0
$BBCA langsung ARA? Klo JP Morgan/Temasek ambil sebagian besar saham Hartono di harga tinggi wkk,,Fri Sep 25 09:13:05 +0000 2026,,0,0,0,0
"Pasca bikin base, $BBRI failed rally. Ini indikasi bahwa seller lebih dominan daripada buyer. Jika harga tertahan di key level, kita bisa mengambil kesimpulan bahwa 'koreksi sehat' sedang terjadi.

Untuk sementara waktu, kita perlu menunggu bagaimana market akan bereaksi di sana.",,Mon Sep 14 01:59:56 +0000 2026,,4,2,0,0
Manajer investasi lagi melirik saham apa?,,Sat Sep 26 12:53:42 +0000 2026,,1,0,1,0
"Namun, strategi manajer investasi tidak selalu searah.",,Sat Sep 26 12:53:44 +0000 2026,,0,0,1,0
"Schroder Dana Prestasi Plus menunjukkan indikasi akumulasi $BBCA dan $MYOR, sedangkan Schroder Dana Prestasi justru mengurangi posisi keduanya. Artinya, satu nama pengelola pun bisa punya strategi berbeda untuk setiap produknya.",,Sat Sep 26 12:53:45 +0000 2026,,0,0,1,0
"$BYAN 

BELI SAAT BERITA KELUAR. 

SIMPEL BANGET.",,Wed Sep 16 02:07:30 +0000 2026,,41,2,2,0
"10 besar saham yg terbuang si periode 1 Agustus s/d 17 September 2026

Saham lo ada disini gak

$tpia
$dewa
$bull

Paling gede buangan 2 5T",,Thu Sep 17 12:03:36 +0000 2026,,15,0,0,0
"2. Level psikologis 6.300 jadi batas bawah kritis hari ini
→ Kalau jebol, ruang rebound terbatas ke 6.400 bisa tertutup",,Thu Sep 24 00:38:29 +0000 2026,,0,0,1,0
"3.Asing masih net sell Rp672 miliar pada perdagangan Selasa lalu, dengan $BBRI jadi saham yang paling banyak dilepas asing",,Thu Sep 24 00:38:30 +0000 2026,,0,0,1,0
Nabung di $BBCA malah amsyongg,,Thu Sep 24 03:32:24 +0000 2026,,0,0,0,0
"$bbri sudah invalid..  
readjustment  
op 1 ga boleh sentuh 3080  

op 2  ga boleh sentuh 3130

  or else,  junaammm....",,Wed Sep 23 02:30:54 +0000 2026,,0,0,0,0
"Jika rumor ini benar, masuk diakal $BBCA akan ke sana….",,Fri Sep 25 07:41:48 +0000 2026,,50,5,1,0
"Papan prediksi Indonesia semakin ramai. 

Dari saham-saham yang kita pantau hingga tim, balapan, dan artis yang kita ikuti, kini ada lebih banyak lagi yang bisa diprediksi di Fuyo.

 Di mana $BBCA dan $TLKM akan ditutup pada 2026?
 Akankah $GOTO lolos dari batas bawah IDR",,Wed Sep 16 10:00:00 +0000 2026,,15,4,2,0
Serookkk $BMRI lagi ahh.. lumayan lagi turun di 4150,,Wed Sep 23 04:20:59 +0000 2026,,0,0,0,0
Apakah akuisisi $BYAN salah satu balas budi,,Thu Sep 17 16:38:08 +0000 2026,,3,3,1,0
"Akhir nya BI tahan suku bunga.. perbankan ijo tipis, lumayan sempet nyerok $BMRI lagi di harga Rp4150 hehehe",,Wed Sep 23 15:29:57 +0000 2026,,0,0,0,0
$BBCA juga mau kena demutualisasi?,,Fri Sep 25 13:34:00 +0000 2026,,0,0,0,0
"The $BYAN story has become much more interesting, and frankly much more uncomfortable from a market-governance perspective, because the sequence of events now illustrates, in a way that is difficult for investors to ignore, just how much economic value in Indonesia’s",,Fri Sep 18 10:55:53 +0000 2026,,257,88,9,0
"keputusan berat, jualan $bbca di rp6.275. chartnya longsor terus dari puncaknya, cash is king dulu deh.  #aplikasiajaib #bbca #ihsg",,Thu Sep 24 14:51:49 +0000 2026,,5,5,5,0
"Data foreign activity mid-day 15 September:

- Net foreign sell -Rp383,65 Miliar
- $BUMI, $TLKM, $ANTM jadi top net foreign buy",,Tue Sep 15 06:16:52 +0000 2026,,8,0,0,0
"ahok heran kenapa tidak danantara yang beli saham $BYAN :
- kenapa malah haji isam
- kalau bisa dibeli murah dengan cara rkab tidak terbit dengan harga diskon 80 persen
- kenapa bukan danantara yang ambil ya
- kalau dia jadi presiden sih pasti perintahkan danantara yang beli
-",,Thu Sep 17 14:38:06 +0000 2026,,2116,492,119,0
"Jika $BBCA ke sana, maka $IHSG ke situ",,Sat Sep 26 01:48:37 +0000 2026,,38,0,4,0
"tajam instingnya, serok $bbca pas longsor di rp6.175. sekarang harganya udah mantul dikit ke rp6.250. lanjut hold apa tp kilat?  #aplikasiajaib #bbca #tradingindonesia",,Thu Sep 24 14:58:13 +0000 2026,,0,0,0,0
"Haji Isam lewat perusahaannya, PT Jhonlin Baratama telah meneken perjanjian jual beli saham bersyarat dengan pengendali $BYAN Low Tuck Kwong dan Elaine Low pada 16 September 2026

Haji Isam akan mengambil 10.000.000.500 atau sepuluh miliar lima ratus saham biasa BYAN

Jumlah tsb",,Fri Sep 18 00:37:28 +0000 2026,,58,13,3,0
That's why telepon umum penting. Tapi udah mah ga dipelihara $TLKM terus divandal sama warlok-warlok yg jahil.,,Mon Sep 21 11:43:11 +0000 2026,,1,0,0,0
"Karena lebih mudah gerak.

Coba itu kayak $BBCA dsb.nya, 
lebih susah ARAnya",,Thu Sep 24 03:10:37 +0000 2026,,10,0,0,0
"Bgsdd... siapa ini yg nyebarin hoax haji isam otw akuisisi $BBCA?  Ga sekalian aja haji isam otw akuisisi NVIDIA? 

Rutinitas kalo market lg busuk ya begini, banyak isu bikinan orang stresss",,Fri Sep 25 09:42:25 +0000 2026,,65,14,14,0
"SENTIMEN IHSG HARI INI (21/9/2026)
IHSG pekan lalu melemah 1,53% ke 6.441. Hari ini diproyeksi bergerak 6.400-6.535, masih dibayangi koreksi tapi ada peluang rebound.
Ini 5 sentimen POSITIF & 5 NEGATIF yang wajib kamu tau 
#IHSG #SahamHariIni #InvestasiSaham",,Mon Sep 21 01:23:18 +0000 2026,,0,0,1,0
"3. Aktivitas pasar melemah di semua lini pekan lalu:
Nilai transaksi -6,95%, frekuensi -14,73%, volume -20,71%
→ Sinyal investor makin wait-and-see",,Mon Sep 21 01:23:24 +0000 2026,,0,0,1,0
"4. $TLKM turun 1,16% masih didominasi tekanan jual (wave c), $BBCA turun 0,79% ke bawah MA60 → dua big cap ini masih dalam tekanan",,Mon Sep 21 01:23:25 +0000 2026,,0,0,1,0
"Lagi dipalak H Isam. RKAB Bayan gak diterbitkan ESDM, sampe nyatakan force majeur",,Tue Sep 15 02:42:49 +0000 2026,,602,138,21,0
"Sebentar lg rezim ini jatuh, tinggal $BYAN kuat2an aja dgn rezim terkutuk ini",,Tue Sep 15 12:44:30 +0000 2026,,14,1,0,0
"Sering banget ya #HoaxBBCA muncul, salah satunya kabar Haji Isam akuisisi BCA $BBCA, jangan gampang termakan isu",,Fri Sep 25 16:56:25 +0000 2026,,0,0,0,0
"Wah turun terus yah .. ingat yah .. kl jelek, beli yg defensif aja",,Fri Sep 25 05:36:22 +0000 2026,,42,3,13,0
"$TLKM defensif tapi IHSG ijo dia tetep merah, IHSG merah dia makin junam",,Fri Sep 25 10:23:17 +0000 2026,,0,0,1,0
$BYAN langsung ARA,,Fri Sep 18 01:58:53 +0000 2026,,14,0,0,0
"Llegaron 5 nuevos CEDEARs de ETFs al mercado argentino.

Y hay una novedad grande: por primera vez podés tener exposición a soja, maíz y commodities desde tu cuenta local y en pesos. 

Te contamos",,Wed Sep 16 19:12:37 +0000 2026,,11,1,1,0
"$BBCA y  $BBAX

$BBCA mereplikasi sekitar 85% dari bursa Kanada, dengan bank-bank, perusahaan minyak, perusahaan pertambangan, dan Shopify.

$BBAX menambah eksposur ke Asia-Pasifik yang berkembang tanpa Jepang, dengan bobot kuat dari Australia.",,Wed Sep 16 19:12:38 +0000 2026,,2,0,1,0
Moment yang banyak disesalin orang $BBCA ke 4.890 dan sekarang di 6.000,,Mon Sep 21 10:53:30 +0000 2026,,1,0,0,0
"IHSG Rebound +0,64%, GOTO Hapus Saham Buyback Rp2,1 T!

IHSG sesi I menguat +0,64% ke 6.317, dengan nilai transaksi Rp6,06 T dan volume 189 juta lot. Namun, asing masih mencatat outflow Rp335 M di pasar ekuitas, terutama dari $BBRI Rp128 M dan $BMRI Rp69 M.

 Sektor Basic",,Wed Sep 23 06:17:18 +0000 2026,,0,0,0,0
"Sebar luas nih, berita Haji Isam mau ngambil saham BCA $BBCA keluarga Hartono itu bener-bener #HoaxBBCA, cek dulu sebelum percaya",,Fri Sep 25 14:58:31 +0000 2026,,0,0,0,0
"MULAI BEROPERASI LIMA CEDEAR ETF BARU DI BYMA

 Banco Comafi menerbitkan alternatif untuk menambah eksposur ke Kanada, Asia berkembang, dan komoditas:

 $BBCA — JPMorgan BetaBuilders Canada ETF. Saham besar dan menengah Kanada. Rasio 20:1.

 $BBAX — JPMorgan",,Thu Sep 17 01:23:16 +0000 2026,,37,6,1,0
"Coba pasang antrean jual $BBCA di harga Rp7.000. Buat saham kelas blue chip, yang penting itu punya target yang jelas dan terukur, nggak usah keburu-buru yang penting konsisten dapet hasilnya #AplikasiAjaib #porto",,Sun Sep 27 14:57:56 +0000 2026,,0,0,0,0
"IHSG naik atau turun, saham $TLKM tetap turun

Diiris rapi pelan-pelan

Antisipasi tanggal 28 September 2026?",,Fri Sep 25 04:00:48 +0000 2026,,49,7,3,0
"Data aktivitas asing tengah hari 25 September 2026:  

- Net jual asing -Rp355,78 Miliar 
- $BBCA, $TPIA, $PTBA jadi top net beli asing",,Fri Sep 25 05:11:07 +0000 2026,,11,1,0,0
"Djarum, tolong jaga $BBCA",,Fri Sep 25 19:34:08 +0000 2026,,0,0,0,0
"Disaring dulu infonya, Haji Isam dan BCA $BBCA lagi heboh karena #HoaxBBCA yang diangkat akun-akun pemburu engagement",,Fri Sep 25 15:18:37 +0000 2026,,0,0,0,0
"Saham rokok pada masuk zona demand, choose your fighter carefully
$GGRM $HMSP $WIIM",,Thu Sep 24 15:41:18 +0000 2026,,0,0,0,0
"Manfaatin pergerakan harga $BBCA di level 6.250 pakai fitur harian. Apapun strateginya, yang penting tetep rasional dan patuh sama trading plan awal #AplikasiAjaib #porto",,Sun Sep 27 14:16:20 +0000 2026,,0,0,0,0
terpantau saham $BYAN penyumbang merahnya ihsg hari ini,,Mon Sep 21 02:53:59 +0000 2026,,19,2,0,0
"Data aktivitas asing siang hari 21 September 2026:

- Net jual asing -Rp216,2 Miliar
- $COIN, $TPIA, $TINS jadi top net beli asing",,Mon Sep 21 05:27:57 +0000 2026,,18,1,0,0
"IHSG -1%, Asing Outflow Rp987 Miliar, CPO Justru Menguat!

Sesi 1, IHSG terkoreksi -1,06% ke 6.307 dengan nilai transaksi Rp6,11 triliun. Investor asing mencatat net outflow Rp987 miliar, terutama dari $BMRI Rp237 miliar dan $BBRI Rp90,6 miliar.

Di tengah tekanan market,",,Thu Sep 24 06:20:48 +0000 2026,,0,0,0,0
Konten diatas dialami langsung oleh $unvr,,Mon Sep 21 23:58:22 +0000 2026,,3,1,0,0
"Semoga berjodoh dengan perusahaan dengan ticket saham $TPIA ya Tuhan 

Ingin meningkatkan jenjang karir sekaligus dengan kecerdasan & pengalaman kerja bisa membawa dampak positif untuk perusahaan & diri sendiri",,Wed Sep 23 11:48:00 +0000 2026,,0,0,0,0
"• Ahok mempertanyakan mengapa bukan Danantara yang membeli saham $BYAN.

• Ia menilai saham bisa diperoleh dengan harga murah jika RKAB tidak diterbitkan.

• Menurut Ahok, harga aset bahkan bisa terdiskon hingga 80%.

• Jika dirinya menjadi presiden, ia mengaku akan",,Fri Sep 18 06:26:06 +0000 2026,,168,41,19,0
"SENTIMEN IHSG HARI INI (28/9/2026)
IHSG pekan lalu anjlok 3,09%, Jumat ditutup di 6.241. Hari ini aturan harga saham minimum Rp1 mulai berlaku dan analis proyeksikan IHSG masih volatil.
Ini sentimen POSITIF & NEGATIF yang wajib kamu tau 
#IHSG #SahamHariIni #InvestasiSaham",,Mon Sep 28 01:07:16 +0000 2026,,0,0,1,0
"SENTIMEN POSITIF
1. Peluang technical rebound jangka pendek: kalau area support bertahan, IHSG berpeluang menguat ke 6.320, lanjut ke 6.370-6.410
 Analis mengingatkan ini masih rebound teknikal, belum konfirmasi tren naik",,Mon Sep 28 01:07:17 +0000 2026,,0,0,1,0
"2. Rekomendasi trading hari ini dari MNC Sekuritas:
Buy on weakness: $COIN
Trading: $INDF $HMSP $ENRG",,Mon Sep 28 01:07:19 +0000 2026,,0,0,1,0
¿Te los perdiste?   5 nuevos CEDEARs de ETFs ya disponibles en PPI,,Fri Sep 25 14:48:42 +0000 2026,,1,0,1,0
$BBCA · Canadá  $BBAX · Asia-Pacífico ex-Japón  $GSG · Commodities  $CORN · Maíz  $SOYB · Soja,,Fri Sep 25 14:49:17 +0000 2026,,0,0,1,0
"$GMK $UNVR $CCCS Feel free to contact my stockbroker via WhatsApp: https://shopsho.ws/vHjgSL 
I’ve been following his trades, and the returns this year have been impressive. He charges a commission of 2%–5% on the profits from each stock trade.",,Thu Sep 24 21:18:50 +0000 2026,,0,0,0,0
INDONESIA trying to bring illegal cigarette makers under regulation. This would probably threaten $WIIM.JK more than $HMSP.JK but $HMSP has sold off more. $WIIM.JK enjoys a special tax-advantaged status at their current size under current regulations. Curious about your thoughts,,Thu Sep 24 14:31:41 +0000 2026,,3,0,1,0
"Sesi 1 asing net sell Rp355B, tapi $BBCA malah tetep dikumpulin dan harganya naik ke 6.250. Memang saham berkualitas selalu punya daya tarik pas bursa lagi dinamis  #AplikasiAjaib #porto",,Sun Sep 27 13:54:31 +0000 2026,,0,0,0,0
"Ada apa dengan saham $BBRI?

Tumben -3%

Ada benteng Takeshi di level 3190-3200. Rada serem kalau ambrol",,Tue Sep 22 03:51:20 +0000 2026,,81,10,12,0
"kemarin kalo $BYAN  tidak di lepas, maka ijin RKAB tidak di terbitkan, 

nah kalo $BBCA tidak mau di lepas, mereka ancam nya pakai ijin apa ya?",,Fri Sep 25 07:01:52 +0000 2026,,1331,213,88,0
"Banyak yang mikir Low dipaksa jual $BYAN ke Haji Isam dengan sandra RKAB. Tapi, bagaimana jika sebaliknya, Low justru butuh bekingan untuk dapat persetujuan itu?",,Mon Sep 21 04:49:17 +0000 2026,,0,0,1,0
"Beberapa emiten terjadi pembelian kuat oleh orang kuat

$bris
$hmsp

Dll",,Mon Sep 28 04:10:26 +0000 2026,,14,1,1,0
"Narasi Kripto Mendatang

Saham Berpasangan Kripto 
NFT Berpasangan Kripto 
Merek Mewah Berpasangan Kripto",,Tue Sep 22 13:56:43 +0000 2026,,175,16,15,0
Ketika dipasangkan $BBCA atau $BBNI ser?,,Tue Sep 22 13:57:39 +0000 2026,,2,0,1,0
Jadi inget $BBCA mau di backdoor Blackrock,,Fri Sep 25 10:54:39 +0000 2026,,26,1,2,0
tunggu $BBCA 5800-an aja kali ya..,,Tue Sep 22 07:34:47 +0000 2026,,3,0,2,0
"Gaes, 
kalian betul, dia gak mungkin akuisisi BBCA semuanya, 
tapi kalo dapat harga diskon dengan porsi sedikit aja, itu udah lumayan banget, 

 $BYAN kan gak semua di ambil,",,Fri Sep 25 10:01:02 +0000 2026,,96,4,8,0
"INFO
TIMPA INDONESIA WIN! 
LAWAN 11 ORANG GABIKIN KING INDO GENTAR
FULL TIME 1-0 FIX",,Mon Sep 28 13:41:22 +0000 2026,,0,0,0,0
king indo kalo gak ada paes ADUH KASIAN DEHHH,,Mon Sep 28 13:00:45 +0000 2026,,7,1,0,0
"Bocil a day in my life 
https://cdn2.vidy.my/ZeaEo8

https://vidy.my/1T2256.mp4

https://cdn.vidy.my/N6OPcK

https://cdn2.vidy.vu/4j1waH.mp4

Yahoo paes hayu Justin hubner layak king indo cleo soyakinbisa ole remeny malaysia",,Mon Sep 28 13:30:48 +0000 2026,,0,0,0,0
"sehari dalam hidupku 
https://cdn2.vidy.my/ZeaEo8

https://vidy.my/1T2256.mp4

https://cdn.vidy.my/N6OPcK

https://cdn2.vidy.vu/4j1waH.mp4

#bocil #bocilmelayu #bocilviral

justin hubner paes yahoo bergson king indo morinaga soya malaysia",,Mon Sep 28 12:57:16 +0000 2026,,1,0,0,0
"Data aktivitas asing tengah hari 28 September 2026:   

- Net jual asing -Rp129,63 Miliar  
- $PTBA, $PEGE, $BBRI jadi top net beli asing",,Mon Sep 28 05:52:07 +0000 2026,,22,0,3,0
"Asyuu rusak
Ulah siapa nih?

$BBRI",,Fri Sep 25 11:41:40 +0000 2026,,1,0,1,0
"harga $BBCA tetap gak gerak walopun ada rumor mau di akuisisi haji Isam, 
 
rumor apa dong yang bisa bikin $BBCA langsung ARA ?",,Fri Sep 25 08:07:00 +0000 2026,,106,6,20,0
"buy the dip! serok $bbri di rp3.180 pas harganya lagi down. chartnya emang lagi nyungsep, tapi berani cicil beli buat jangka panjang.  #aplikasiajaib #bbri #investasi",,Thu Sep 24 15:00:52 +0000 2026,,0,0,0,0
Haji isam akuisisi $BYAN bisa mengancam $MAHA ?,,Tue Sep 22 04:40:18 +0000 2026,,0,0,1,0
"Untuk Kalian para milenial dan genZ,

Mending beli rumah ?
Atau
Mending sewa aja ?",,Sun Sep 27 01:05:00 +0000 2026,,134,29,170,0
"Kalo blm py rmh & blm berkeluarga sewa Apartemen/kost. Kalo berkeluarga kontrak dulu. Usahakan IN THIS EKONOMI JGN KPR, krn ada kemungkinan bunga naik trs. Atau cari rmh second/bekas atau cari rmh LELANG (hrs py kenalan ordal di $BBRI krn paling byk tuh Bank rmh sitaan)",,Sun Sep 27 01:46:19 +0000 2026,,0,0,0,0
$BBRI loh kog ngloyoooo boss?,,Tue Sep 22 06:54:08 +0000 2026,,5,0,0,0
"Jika $BBCA ke sana, maka $IHSG ke situ",,Sat Sep 26 01:48:37 +0000 2026,,38,0,4,0
Manajer investasi lagi melirik saham apa?,,Sat Sep 26 12:53:42 +0000 2026,,1,0,1,0
"Namun, strategi manajer investasi tidak selalu searah.",,Sat Sep 26 12:53:44 +0000 2026,,0,0,1,0
"Schroder Dana Prestasi Plus menunjukkan indikasi akumulasi $BBCA dan $MYOR, sedangkan Schroder Dana Prestasi justru mengurangi posisi keduanya. Artinya, satu nama pengelola pun bisa punya strategi berbeda untuk setiap produknya.",,Sat Sep 26 12:53:45 +0000 2026,,0,0,1,0
"kalau emang nantinya $BBCA bisa diakuisisi dengan kecurangan, artinya gak ada yg bisa menjamin investasi di indonesia bakal aman, siapapun itu. Perusahaan sebesar itu aja bisa ditukar guling, apalagi perusahaan yg lebuh kecil. Kabur aja dah investor",,Fri Sep 25 13:05:17 +0000 2026,,13,3,1,0
siap-siap TEXTILE  Industry Revitalization !,,Tue Sep 22 13:21:47 +0000 2026,,135,8,16,0
Baca: akrobat selamatkan SRIL sehingga NPL Himbara dan BPD tidak jeblok parah?,,Tue Sep 22 14:42:57 +0000 2026,,6,0,1,0
$BBRI tadi udah jeblok bang,,Tue Sep 22 15:45:21 +0000 2026,,2,0,0,0
"AKHIRNYA RKAB 2026 $BYAN DISETUJUI 

Sebelumnya (laporan 14 September 2026): tiga anak usaha Bayan, yaitu PT Tiwa Abadi (TA), PT Tanur Jaya (TJ), dan PT Fajar Sakti Prima (FSP), memberitahukan force majeure atas kewajiban pasokan batubara ke pelanggan karena persetujuan",,Thu Sep 24 04:53:49 +0000 2026,,16,3,0,0
"SENTIMEN IHSG HARI INI (21/9/2026)
IHSG pekan lalu melemah 1,53% ke 6.441. Hari ini diproyeksi bergerak 6.400-6.535, masih dibayangi koreksi tapi ada peluang rebound.
Ini 5 sentimen POSITIF & 5 NEGATIF yang wajib kamu tau 
#IHSG #SahamHariIni #InvestasiSaham",,Mon Sep 21 01:23:18 +0000 2026,,0,0,1,0
"3. Aktivitas pasar melemah di semua lini pekan lalu:
Nilai transaksi -6,95%, frekuensi -14,73%, volume -20,71%
→ Sinyal investor makin wait-and-see",,Mon Sep 21 01:23:24 +0000 2026,,0,0,1,0
"4. $TLKM turun 1,16% masih didominasi tekanan jual (wave c), $BBCA turun 0,79% ke bawah MA60 → dua big cap ini masih dalam tekanan",,Mon Sep 21 01:23:25 +0000 2026,,0,0,1,0
"Setelah menyelesaikan 5 swing naik wave a merah di 3440, posisi harga saham #BBRI saat ini sedang menyelesaikan wave b merah sampai ke area 2990 - 2883

Jadi masih ada peluang harga sahamnya bisa kembali naik untuk menyelesaikan wave c merah dari wave ....",,Wed Sep 23 10:07:32 +0000 2026,,11,2,2,0
"Tapi bagaimana jika harga saham $BBRI masih lanjut tertekan turun sampai ke bawah area 2990 - 2883?

Pembahasan selengkapnya di sini",,Wed Sep 23 10:07:32 +0000 2026,,0,0,0,0
Konten diatas dialami langsung oleh $unvr,,Mon Sep 21 23:58:22 +0000 2026,,3,1,0,0
"Kemarin $BAYAN sekayang $BBCA, Walaupun masih wacana sih ada gila-gilanya wkwkw",,Fri Sep 25 08:34:21 +0000 2026,,0,0,0,0
"Data aktivitas asing siang hari 21 September 2026:

- Net jual asing -Rp216,2 Miliar
- $COIN, $TPIA, $TINS jadi top net beli asing",,Mon Sep 21 05:27:57 +0000 2026,,18,1,0,0
That's why telepon umum penting. Tapi udah mah ga dipelihara $TLKM terus divandal sama warlok-warlok yg jahil.,,Mon Sep 21 11:43:11 +0000 2026,,1,0,0,0
terpantau saham $BYAN penyumbang merahnya ihsg hari ini,,Mon Sep 21 02:53:59 +0000 2026,,19,2,0,0
"wah, ada yang haka $bmri di rp4.160 nih. nyoba nangkap rebound ya? chartnya masih bearish kuat. jaga money management!  #aplikasiajaib #bmri #ihsg",,Thu Sep 24 14:54:14 +0000 2026,,0,0,0,0
Ya Allah bagaimana caranya hamba bisa sembuh dari penyakit antek neolib ini,,Mon Sep 28 02:53:42 +0000 2026,,101,14,9,0
"lahir di negeri ini sudah tepat bung, apalah arti menjadi bilyuner kalau tidak memiliki akhlak",,Mon Sep 28 04:05:28 +0000 2026,,0,0,1,0
The AKHLAK we’re talking in this country is $BYAN takeover righr?,,Mon Sep 28 04:11:24 +0000 2026,,0,0,2,0
$BBCA juga mau kena demutualisasi?,,Fri Sep 25 13:34:00 +0000 2026,,0,0,0,0
"trading plan cakep! beli $bmri rp4.100, set tp di rp4.310 dan sl di rp3.900. nangkap rebound gini emang wajib disiplin.  #aplikasiajaib #bmri #tradingindonesia",,Thu Sep 24 14:53:53 +0000 2026,,0,0,0,0
"IHSG -1%, Asing Outflow Rp987 Miliar, CPO Justru Menguat!

Sesi 1, IHSG terkoreksi -1,06% ke 6.307 dengan nilai transaksi Rp6,11 triliun. Investor asing mencatat net outflow Rp987 miliar, terutama dari $BMRI Rp237 miliar dan $BBRI Rp90,6 miliar.

Di tengah tekanan market,",,Thu Sep 24 06:20:48 +0000 2026,,0,0,0,0
"ritel unyu nih bandel2 banget ya, 

masih ada loh yang beli $GOTO di harga 43,

plis  cek  dulu orderbook nya, 
antrian ARB nya 1 Milyar lot itu.",,Mon Sep 28 02:59:01 +0000 2026,,102,3,19,0
"kenapa $GOTO ?

teman nya jawab, 
kan itu produk yang pakai sehari2, 
itu yang kamu pakai gejok , tokped, gopay later itu kan produk nya $GOTO, ,hahaha",,Mon Sep 28 07:49:46 +0000 2026,,4,0,2,0
$UNVR moment,,Mon Sep 28 13:36:56 +0000 2026,,0,0,0,0
"IHSG Rebound +0,64%, GOTO Hapus Saham Buyback Rp2,1 T!

IHSG sesi I menguat +0,64% ke 6.317, dengan nilai transaksi Rp6,06 T dan volume 189 juta lot. Namun, asing masih mencatat outflow Rp335 M di pasar ekuitas, terutama dari $BBRI Rp128 M dan $BMRI Rp69 M.

 Sektor Basic",,Wed Sep 23 06:17:18 +0000 2026,,0,0,0,0
"tajam instingnya, serok $bbca pas longsor di rp6.175. sekarang harganya udah mantul dikit ke rp6.250. lanjut hold apa tp kilat?  #aplikasiajaib #bbca #tradingindonesia",,Thu Sep 24 14:58:13 +0000 2026,,0,0,0,0
¿Te los perdiste?   5 nuevos CEDEARs de ETFs ya disponibles en PPI,,Fri Sep 25 14:48:42 +0000 2026,,1,0,1,0
$BBCA · Canadá  $BBAX · Asia-Pacífico ex-Japón  $GSG · Commodities  $CORN · Maíz  $SOYB · Soja,,Fri Sep 25 14:49:17 +0000 2026,,0,0,1,0
Nabung di $BBCA malah amsyongg,,Thu Sep 24 03:32:24 +0000 2026,,0,0,0,0
Menarik melihat rotasi foreign inflow ke sektor energi ($PTBA) dan big banks ($BBRI) di tengah yield shock global. Minyak $100+ memang jadi katalis defensif kuat buat emiten komoditas domestik menahan outflow makro.,,Mon Sep 28 13:12:54 +0000 2026,,0,0,0,0
CUAN Haji Isyam di $BYAN dpt harga diskon diatas 50%,,Wed Sep 23 00:23:19 +0000 2026,,0,0,0,0
Koyok tuku $BYAN naware,,Sat Sep 26 02:25:57 +0000 2026,,0,0,0,0
"Coba pasang antrean jual $BBCA di harga Rp7.000. Buat saham kelas blue chip, yang penting itu punya target yang jelas dan terukur, nggak usah keburu-buru yang penting konsisten dapet hasilnya #AplikasiAjaib #porto",,Sun Sep 27 14:57:56 +0000 2026,,0,0,0,0
"Manfaatin pergerakan harga $BBCA di level 6.250 pakai fitur harian. Apapun strateginya, yang penting tetep rasional dan patuh sama trading plan awal #AplikasiAjaib #porto",,Sun Sep 27 14:16:20 +0000 2026,,0,0,0,0
INDONESIA trying to bring illegal cigarette makers under regulation. This would probably threaten $WIIM.JK more than $HMSP.JK but $HMSP has sold off more. $WIIM.JK enjoys a special tax-advantaged status at their current size under current regulations. Curious about your thoughts,,Thu Sep 24 14:31:41 +0000 2026,,3,0,1,0
"BREAKING NEWS:

$BYAN

Bayan telah menjadi kosa kata baru bahasa Indonesia.

Contoh penggunaan: “Kamu jangan macam2 sama saya, nanti saya BAYAN kan!”",,Tue Sep 22 10:36:17 +0000 2026,,0,0,0,0
"Perhtian para pelaku pasar hari ini tertju pd Gedung Bank Indonesia.
​Gelrn Rapat Dewan Gubernur (RDG) BI resmi dimlai utk mentukn arh BI-Rate. Konsensus pasar memprkrkn BI msh akn mnhan suku bunga di level 5,75%.
​Mgp keptusn kali ini sngt krusial bgi IHSG & sektor perbankn?",,Tue Sep 22 01:12:04 +0000 2026,,0,0,1,0
"Di satu sisi, langkah The Fed kian agresif memicu penguatan Dolar AS yang menekan pergerakan nilai tukar Rupiah.
​Di sisi lain, menaikkan BI-Rate terlalu cpt bisa menahan laju pertumbuhan kredit domestik.",,Tue Sep 22 01:12:05 +0000 2026,,0,0,1,0
"Apa artinya bgi sham Watchlist kita?
• Perbankn (Big Caps): Suku bunga yg dithan di 5,75% menjg Cost of Funds (CoF) tdk membgkk, shgga marjin bunga bersih (NIM) emiten sprt $BBCA & $BBRI tetap trjg tebal.
• Sektor Riil & Consumer: Mnghdri bban bunga yg mkn tinggi bgi konsmen",,Tue Sep 22 01:12:06 +0000 2026,,0,0,1,0
"SENTIMEN IHSG HARI INI (28/9/2026)
IHSG pekan lalu anjlok 3,09%, Jumat ditutup di 6.241. Hari ini aturan harga saham minimum Rp1 mulai berlaku dan analis proyeksikan IHSG masih volatil.
Ini sentimen POSITIF & NEGATIF yang wajib kamu tau 
#IHSG #SahamHariIni #InvestasiSaham",,Mon Sep 28 01:07:16 +0000 2026,,0,0,1,0
"SENTIMEN POSITIF
1. Peluang technical rebound jangka pendek: kalau area support bertahan, IHSG berpeluang menguat ke 6.320, lanjut ke 6.370-6.410
 Analis mengingatkan ini masih rebound teknikal, belum konfirmasi tren naik",,Mon Sep 28 01:07:17 +0000 2026,,0,0,1,0
"2. Rekomendasi trading hari ini dari MNC Sekuritas:
Buy on weakness: $COIN
Trading: $INDF $HMSP $ENRG",,Mon Sep 28 01:07:19 +0000 2026,,0,0,1,0
"Wah turun terus yah .. ingat yah .. kl jelek, beli yg defensif aja",,Fri Sep 25 05:36:22 +0000 2026,,42,3,13,0
"$TLKM defensif tapi IHSG ijo dia tetep merah, IHSG merah dia makin junam",,Fri Sep 25 10:23:17 +0000 2026,,0,0,1,0
"Saham rokok pada masuk zona demand, choose your fighter carefully
$GGRM $HMSP $WIIM",,Thu Sep 24 15:41:18 +0000 2026,,0,0,0,0
"Sering banget ya #HoaxBBCA muncul, salah satunya kabar Haji Isam akuisisi BCA $BBCA, jangan gampang termakan isu",,Fri Sep 25 16:56:25 +0000 2026,,0,0,0,0
"$GMK $UNVR $CCCS Feel free to contact my stockbroker via WhatsApp: https://shopsho.ws/vHjgSL 
I’ve been following his trades, and the returns this year have been impressive. He charges a commission of 2%–5% on the profits from each stock trade.",,Thu Sep 24 21:18:50 +0000 2026,,0,0,0,0
"Setelah menyelesaikan wave I merah di 4000, posisi harga saham #BBNI saat ini sedang menyelesaikan wave II merah di area 3545 - 3437 yang sudah tercapai dari minggu lalu",,Mon Sep 28 10:12:23 +0000 2026,,6,0,1,0
"Jadi masih ada peluang harga sahamnya bisa kembali naik untuk menyelesaikan wave III merah dari wave (c) biru dari wave ..

Tapi bagaimana jika harga saham $BBNI masih lanjut tertekan turun sampai ke bawah area 3545 - 3437?

Pembahasan selengkapnya di sini",,Mon Sep 28 10:12:24 +0000 2026,,0,0,0,0
"Sesi 1 asing net sell Rp355B, tapi $BBCA malah tetep dikumpulin dan harganya naik ke 6.250. Memang saham berkualitas selalu punya daya tarik pas bursa lagi dinamis  #AplikasiAjaib #porto",,Sun Sep 27 13:54:31 +0000 2026,,0,0,0,0
"Djarum, tolong jaga $BBCA",,Fri Sep 25 19:34:08 +0000 2026,,0,0,0,0
"keputusan berat, jualan $bbca di rp6.275. chartnya longsor terus dari puncaknya, cash is king dulu deh.  #aplikasiajaib #bbca #ihsg",,Thu Sep 24 14:51:49 +0000 2026,,5,5,5,0
tambahan kuota 20 juta ton ini harganya setara 30% saham $BYAN (yang dibeli secara paksa dengan harga diskon),,Sun Sep 27 13:35:23 +0000 2026,,0,0,0,0
"$bbri sudah invalid..  
readjustment  
op 1 ga boleh sentuh 3080  

op 2  ga boleh sentuh 3130

  or else,  junaammm....",,Wed Sep 23 02:30:54 +0000 2026,,0,0,0,0
"Pasang antrean beli $BBRI di harga Rp3.100. Buat investasi jangka panjang, manfaatin penyesuaian harga di saham blue chip begini emang strategi yang cukup rasional, asal tetep masuk secara bertahap  #AplikasiAjaib #porto",,Sun Sep 27 14:39:42 +0000 2026,,0,0,0,0
"Disaring dulu infonya, Haji Isam dan BCA $BBCA lagi heboh karena #HoaxBBCA yang diangkat akun-akun pemburu engagement",,Fri Sep 25 15:18:37 +0000 2026,,0,0,0,0
"Sebar luas nih, berita Haji Isam mau ngambil saham BCA $BBCA keluarga Hartono itu bener-bener #HoaxBBCA, cek dulu sebelum percaya",,Fri Sep 25 14:58:31 +0000 2026,,0,0,0,0
"Semoga berjodoh dengan perusahaan dengan ticket saham $TPIA ya Tuhan 

Ingin meningkatkan jenjang karir sekaligus dengan kecerdasan & pengalaman kerja bisa membawa dampak positif untuk perusahaan & diri sendiri",,Wed Sep 23 11:48:00 +0000 2026,,0,0,0,0
"Oooooohhhhh...... Jd yg nyuruh Cak Imin, trs lwt Wowo bakal nyuruh Pak Haji. Kalo gak mau, nanti kasusnya sm spt saham $BYAN , NGERIK BANGET MAINNYA BTW Cak Imin ada kepentingan apa ya nyuruh WOWO ambil $BBCA ?",,Fri Sep 25 07:46:47 +0000 2026,,0,1,1,0
Sejak Menkeu Pak Suhasil diangkat jadi Menkeu Nilai Tukar Rupiah dan Harga saham terus melemah,,Mon Sep 21 10:14:36 +0000 2026,,791,224,115,0
"Gmana asing mw percaya rezim, liat cara take over $BYAN, masih anda bela? Pake narasi pribumi?",,Tue Sep 22 13:12:49 +0000 2026,,0,0,0,0
berani nangkep pisau jatuh? serok $bmri di rp4.190. chartnya lagi downtrend parah dari puncaknya. semoga mantul di area support sini ya!  #aplikasiajaib #bmri #ihsg,,Thu Sep 24 14:53:28 +0000 2026,,0,0,0,0
"[SIMULASI MOCK] Kinerja $BBCA kuartal ini luar biasa solid, dividen interim siap ditunggu investor. (Batch stream id #1)",,Mon Sep 28 14:43:39 +0000 2026,,3,2,0,0
[SIMULASI MOCK] Sinyal akumulasi asing terlihat masif di $BBRI setelah breakout resistance 3200. (Batch stream id #2),,Mon Sep 28 14:43:39 +0000 2026,,6,4,1,0
[SIMULASI MOCK] Laporan laba bersih $BMRI melesat melampaui konsensus pasar modal. (Batch stream id #3),,Mon Sep 28 14:43:39 +0000 2026,,9,6,2,0
[SIMULASI MOCK] Valuasi $BBNI masih relatif undervalue dibanding perbankan big four lainnya. (Batch stream id #4),,Mon Sep 28 14:43:39 +0000 2026,,12,8,3,0
[SIMULASI MOCK] Transformasi bisnis data center $TLKM mulai membuahkan hasil positif jangka panjang. (Batch stream id #5),,Mon Sep 28 14:43:39 +0000 2026,,15,10,4,0
